{
    "model": "meta-llama/Llama-2-7b-hf",
    "order": [
        "Positive",
        "Negative",
        "Positive",
        "Negative"
    ],
    "accuracy": 0.858085808580858,
    "fraction_pos": 0.6386138613861386,
    "f1_score": 0.8753623188405797,
    "confusion_matrix": [
        [
            654,
            255
        ],
        [
            3,
            906
        ]
    ],
    "exactly_the_same": 56
}