{
    "model": "meta-llama/Llama-2-7b-hf",
    "order": [
        "Positive",
        "Negative",
        "Negative",
        "Positive"
    ],
    "accuracy": 0.8586358635863587,
    "fraction_pos": 0.636963696369637,
    "f1_score": 0.8756652152878568,
    "confusion_matrix": [
        [
            656,
            253
        ],
        [
            4,
            905
        ]
    ],
    "exactly_the_same": 52
}