{
    "model": "meta-llama/Meta-Llama-3-8B",
    "order": [
        "Negative",
        "Positive",
        "Positive",
        "Negative"
    ],
    "accuracy": 0.9653465346534653,
    "fraction_pos": 0.506050605060506,
    "f1_score": 0.9655549480590486,
    "confusion_matrix": [
        [
            872,
            37
        ],
        [
            26,
            883
        ]
    ],
    "exactly_the_same": 6
}