{
    "model": "microsoft/Phi-3-mini-4k-instruct",
    "order": [
        "Positive",
        "Negative",
        "Negative",
        "Positive"
    ],
    "accuracy": 0.9416941694169417,
    "fraction_pos": 0.455995599559956,
    "f1_score": 0.9390103567318757,
    "confusion_matrix": [
        [
            896,
            13
        ],
        [
            93,
            816
        ]
    ],
    "exactly_the_same": 10
}