{
    "model": "meta-llama/Llama-2-7b-hf",
    "order": [
        "Negative",
        "Negative",
        "Positive",
        "Positive"
    ],
    "accuracy": 0.8987898789878987,
    "fraction_pos": 0.5924092409240924,
    "f1_score": 0.9073514602215509,
    "confusion_matrix": [
        [
            733,
            176
        ],
        [
            8,
            901
        ]
    ],
    "exactly_the_same": 20
}