{
    "model": "meta-llama/Meta-Llama-3-8B",
    "order": [
        "Positive",
        "Negative",
        "Negative",
        "Positive"
    ],
    "accuracy": 0.9642464246424642,
    "fraction_pos": 0.4961496149614962,
    "f1_score": 0.9641082274986196,
    "confusion_matrix": [
        [
            880,
            29
        ],
        [
            36,
            873
        ]
    ],
    "exactly_the_same": 7
}