{
    "model": "meta-llama/Meta-Llama-3-8B",
    "order": [
        "Negative",
        "Positive",
        "Negative",
        "Positive"
    ],
    "accuracy": 0.9631463146314632,
    "fraction_pos": 0.4961496149614962,
    "f1_score": 0.9630038652678078,
    "confusion_matrix": [
        [
            879,
            30
        ],
        [
            37,
            872
        ]
    ],
    "exactly_the_same": 9
}