{
    "model": "meta-llama/Meta-Llama-3-8B-instruct",
    "order": [
        "Negative",
        "Positive",
        "Negative",
        "Positive"
    ],
    "accuracy": 0.9675467546754676,
    "fraction_pos": 0.5093509350935094,
    "f1_score": 0.9678474114441417,
    "confusion_matrix": [
        [
            871,
            38
        ],
        [
            21,
            888
        ]
    ],
    "exactly_the_same": 4
}