{
    "model": "gpt2",
    "order": [
        "Negative",
        "Negative",
        "Positive",
        "Positive"
    ],
    "accuracy": 0.5814081408140814,
    "fraction_pos": 0.5335533553355336,
    "f1_score": 0.5949973390101118,
    "confusion_matrix": [
        [
            498,
            411
        ],
        [
            350,
            559
        ]
    ],
    "exactly_the_same": 1147
}