{
    "model": "gpt2",
    "order": [
        "Positive",
        "Negative",
        "Positive",
        "Negative"
    ],
    "accuracy": 0.5951595159515951,
    "fraction_pos": 0.5319031903190319,
    "f1_score": 0.6076759061833689,
    "confusion_matrix": [
        [
            512,
            397
        ],
        [
            339,
            570
        ]
    ],
    "exactly_the_same": 1132
}