{
    "model": "Aleph-Alpha/Pharia-1-LLM-7B-control-hf",
    "order": [
        "Negative",
        "Positive",
        "Negative",
        "Positive"
    ],
    "accuracy": 0.9224422442244224,
    "fraction_pos": 0.44224422442244227,
    "f1_score": 0.9176882661996497,
    "confusion_matrix": [
        [
            891,
            18
        ],
        [
            123,
            786
        ]
    ],
    "exactly_the_same": 4
}