{
    "model": "tiiuae/falcon-7b-instruct",
    "order": [
        "Negative",
        "Positive",
        "Negative",
        "Positive"
    ],
    "accuracy": 0.9411441144114412,
    "fraction_pos": 0.5005500550055005,
    "f1_score": 0.9411764705882353,
    "confusion_matrix": [
        [
            855,
            54
        ],
        [
            53,
            856
        ]
    ],
    "exactly_the_same": 2
}