{
    "model": "tiiuae/falcon-7b-instruct",
    "order": [
        "Negative",
        "Positive",
        "Positive",
        "Negative"
    ],
    "accuracy": 0.9235423542354235,
    "fraction_pos": 0.5522552255225522,
    "f1_score": 0.9273392577104025,
    "confusion_matrix": [
        [
            792,
            117
        ],
        [
            22,
            887
        ]
    ],
    "exactly_the_same": 2
}