{
    "model": "tiiuae/falcon-7b-instruct",
    "order": [
        "Negative",
        "Negative",
        "Positive",
        "Positive"
    ],
    "accuracy": 0.9240924092409241,
    "fraction_pos": 0.5572057205720572,
    "f1_score": 0.9281997918834547,
    "confusion_matrix": [
        [
            788,
            121
        ],
        [
            17,
            892
        ]
    ],
    "exactly_the_same": 0
}