{
    "model": "mistralai/Mistral-7B-Instruct-v0.3",
    "order": [
        "Negative",
        "Negative",
        "Positive",
        "Positive"
    ],
    "accuracy": 0.9609460946094609,
    "fraction_pos": 0.47194719471947194,
    "f1_score": 0.9598189020939445,
    "confusion_matrix": [
        [
            899,
            10
        ],
        [
            61,
            848
        ]
    ],
    "exactly_the_same": 3
}