{
    "model": "mistralai/Mistral-7B-Instruct-v0.3",
    "order": [
        "Positive",
        "Negative",
        "Negative",
        "Positive"
    ],
    "accuracy": 0.9647964796479648,
    "fraction_pos": 0.4845984598459846,
    "f1_score": 0.964245810055866,
    "confusion_matrix": [
        [
            891,
            18
        ],
        [
            46,
            863
        ]
    ],
    "exactly_the_same": 2
}