{
    "model": "meta-llama/Meta-Llama-3-8B",
    "order": [
        "Positive",
        "Negative",
        "Negative",
        "Positive"
    ],
    "accuracy": 0.9642464246424642,
    "fraction_pos": 0.49944994499449946,
    "f1_score": 0.9642267473858007,
    "confusion_matrix": [
        [
            877,
            32
        ],
        [
            33,
            876
        ]
    ],
    "exactly_the_same": 8
}