{
    "model": "meta-llama/Meta-Llama-3-8B",
    "order": [
        "Negative",
        "Positive",
        "Negative",
        "Positive"
    ],
    "accuracy": 0.9631463146314632,
    "fraction_pos": 0.49834983498349833,
    "f1_score": 0.9630853994490358,
    "confusion_matrix": [
        [
            877,
            32
        ],
        [
            35,
            874
        ]
    ],
    "exactly_the_same": 14
}