{
    "model": "tiiuae/falcon-7b",
    "order": [
        "Negative",
        "Positive",
        "Negative",
        "Positive"
    ],
    "accuracy": 0.6622662266226622,
    "fraction_pos": 0.8366336633663366,
    "f1_score": 0.7473251028806585,
    "confusion_matrix": [
        [
            296,
            613
        ],
        [
            1,
            908
        ]
    ],
    "exactly_the_same": 0
}