{
    "model": "tiiuae/falcon-7b",
    "order": [
        "Negative",
        "Negative",
        "Positive",
        "Positive"
    ],
    "accuracy": 0.5495049504950495,
    "fraction_pos": 0.9504950495049505,
    "f1_score": 0.689419795221843,
    "confusion_matrix": [
        [
            90,
            819
        ],
        [
            0,
            909
        ]
    ],
    "exactly_the_same": 1
}