{
    "model": "tiiuae/falcon-7b",
    "order": [
        "Positive",
        "Negative",
        "Negative",
        "Positive"
    ],
    "accuracy": 0.5764576457645765,
    "fraction_pos": 0.9235423542354235,
    "f1_score": 0.7024729520865534,
    "confusion_matrix": [
        [
            139,
            770
        ],
        [
            0,
            909
        ]
    ],
    "exactly_the_same": 0
}