{
    "model": "gpt2",
    "order": [
        "Positive",
        "Negative",
        "Positive",
        "Negative"
    ],
    "accuracy": 0.5176017601760176,
    "fraction_pos": 0.801980198019802,
    "f1_score": 0.6294888043937473,
    "confusion_matrix": [
        [
            196,
            713
        ],
        [
            164,
            745
        ]
    ],
    "exactly_the_same": 39
}