{
    "model": "gpt2",
    "order": [
        "Negative",
        "Positive",
        "Positive",
        "Negative"
    ],
    "accuracy": 0.5192519251925193,
    "fraction_pos": 0.8498349834983498,
    "f1_score": 0.6438467807660961,
    "confusion_matrix": [
        [
            154,
            755
        ],
        [
            119,
            790
        ]
    ],
    "exactly_the_same": 31
}