{
    "model": "gpt2",
    "order": [
        "Negative",
        "Negative",
        "Positive",
        "Positive"
    ],
    "accuracy": 0.5016501650165016,
    "fraction_pos": 0.9444444444444444,
    "f1_score": 0.654988575780655,
    "confusion_matrix": [
        [
            52,
            857
        ],
        [
            49,
            860
        ]
    ],
    "exactly_the_same": 37
}