{
    "model": "meta-llama/Llama-2-7b-chat-hf",
    "order": [
        "Negative",
        "Positive",
        "Negative",
        "Positive"
    ],
    "accuracy": 0.9510451045104511,
    "fraction_pos": 0.506050605060506,
    "f1_score": 0.9513395297977036,
    "confusion_matrix": [
        [
            859,
            50
        ],
        [
            39,
            870
        ]
    ],
    "exactly_the_same": 4
}