{
    "model": "meta-llama/Llama-2-7b-chat-hf",
    "order": [
        "Positive",
        "Negative",
        "Negative",
        "Positive"
    ],
    "accuracy": 0.9554455445544554,
    "fraction_pos": 0.5214521452145214,
    "f1_score": 0.9563812600969306,
    "confusion_matrix": [
        [
            849,
            60
        ],
        [
            21,
            888
        ]
    ],
    "exactly_the_same": 2
}