{
    "model": "gpt2",
    "order": [
        "Positive",
        "Positive",
        "Negative",
        "Negative"
    ],
    "accuracy": 0.5555555555555556,
    "fraction_pos": 0.7508250825082509,
    "f1_score": 0.644678979771328,
    "confusion_matrix": [
        [
            277,
            632
        ],
        [
            176,
            733
        ]
    ],
    "exactly_the_same": 469
}