{
    "model": "gpt2",
    "order": [
        "Negative",
        "Positive",
        "Negative",
        "Positive"
    ],
    "accuracy": 0.5462046204620462,
    "fraction_pos": 0.29812981298129815,
    "f1_score": 0.43142660234321156,
    "confusion_matrix": [
        [
            680,
            229
        ],
        [
            596,
            313
        ]
    ],
    "exactly_the_same": 555
}