{
    "model": "gpt2",
    "order": [
        "Negative",
        "Positive",
        "Positive",
        "Negative"
    ],
    "accuracy": 0.5467546754675467,
    "fraction_pos": 0.3910891089108911,
    "f1_score": 0.49135802469135803,
    "confusion_matrix": [
        [
            596,
            313
        ],
        [
            511,
            398
        ]
    ],
    "exactly_the_same": 553
}