{
    "model": "gpt2",
    "order": [
        "Negative",
        "Negative",
        "Positive",
        "Positive"
    ],
    "accuracy": 0.5313531353135313,
    "fraction_pos": 0.11716171617161716,
    "f1_score": 0.24064171122994651,
    "confusion_matrix": [
        [
            831,
            78
        ],
        [
            774,
            135
        ]
    ],
    "exactly_the_same": 285
}