{
    "model": "gpt2",
    "order": [
        "Negative",
        "Positive",
        "Negative",
        "Positive"
    ],
    "accuracy": 0.5132013201320133,
    "fraction_pos": 0.5577557755775577,
    "f1_score": 0.5397815912636506,
    "confusion_matrix": [
        [
            414,
            495
        ],
        [
            390,
            519
        ]
    ],
    "exactly_the_same": 143
}