{
    "model": "gpt2",
    "order": [
        "Negative",
        "Negative",
        "Positive",
        "Positive"
    ],
    "accuracy": 0.5066006600660066,
    "fraction_pos": 0.8107810781078107,
    "f1_score": 0.6235837180025179,
    "confusion_matrix": [
        [
            178,
            731
        ],
        [
            166,
            743
        ]
    ],
    "exactly_the_same": 76
}