{
    "model": "tiiuae/falcon-7b",
    "order": [
        "Positive",
        "Negative",
        "Positive",
        "Negative"
    ],
    "accuracy": 0.5324532453245324,
    "fraction_pos": 0.9675467546754676,
    "f1_score": 0.6814092953523239,
    "confusion_matrix": [
        [
            59,
            850
        ],
        [
            0,
            909
        ]
    ],
    "exactly_the_same": 1
}