{
    "model": "tiiuae/falcon-7b",
    "order": [
        "Negative",
        "Positive",
        "Negative",
        "Positive"
    ],
    "accuracy": 0.5313531353135313,
    "fraction_pos": 0.9686468646864687,
    "f1_score": 0.6808988764044944,
    "confusion_matrix": [
        [
            57,
            852
        ],
        [
            0,
            909
        ]
    ],
    "exactly_the_same": 0
}