{
    "model": "tiiuae/falcon-7b",
    "order": [
        "Positive",
        "Negative",
        "Negative",
        "Positive"
    ],
    "accuracy": 0.5319031903190319,
    "fraction_pos": 0.9680968096809681,
    "f1_score": 0.6811539902585237,
    "confusion_matrix": [
        [
            58,
            851
        ],
        [
            0,
            909
        ]
    ],
    "exactly_the_same": 0
}