{
    "model": "tiiuae/falcon-7b-instruct",
    "order": [
        "Negative",
        "Negative",
        "Positive",
        "Positive"
    ],
    "accuracy": 0.8822882288228823,
    "fraction_pos": 0.4680968096809681,
    "f1_score": 0.8784090909090909,
    "confusion_matrix": [
        [
            831,
            78
        ],
        [
            136,
            773
        ]
    ],
    "exactly_the_same": 1
}