{
    "model": "meta-llama/Meta-Llama-3-8B",
    "order": [
        "Negative",
        "Negative",
        "Positive",
        "Positive"
    ],
    "accuracy": 0.9455445544554455,
    "fraction_pos": 0.45544554455445546,
    "f1_score": 0.9430051813471503,
    "confusion_matrix": [
        [
            900,
            9
        ],
        [
            90,
            819
        ]
    ],
    "exactly_the_same": 12
}