{
    "model": "meta-llama/Meta-Llama-3-8B",
    "order": [
        "Positive",
        "Positive",
        "Negative",
        "Negative"
    ],
    "accuracy": 0.9416941694169417,
    "fraction_pos": 0.5253025302530253,
    "f1_score": 0.9431330472103004,
    "confusion_matrix": [
        [
            833,
            76
        ],
        [
            30,
            879
        ]
    ],
    "exactly_the_same": 10
}