{
    "model": "meta-llama/Meta-Llama-3-8B",
    "order": [
        "Positive",
        "Negative",
        "Negative",
        "Positive"
    ],
    "accuracy": 0.9466446644664467,
    "fraction_pos": 0.5038503850385039,
    "f1_score": 0.9468493150684931,
    "confusion_matrix": [
        [
            857,
            52
        ],
        [
            45,
            864
        ]
    ],
    "exactly_the_same": 11
}